{
  "dataset": {
    "images_dir": "C:\\Users\\София\\Documents\\metro_pose_detector\\data\\cctv_incident\\images",
    "labels_dir": "C:\\Users\\София\\Documents\\metro_pose_detector\\data\\cctv_incident\\labels",
    "num_frames_loaded": 111
  },
  "parameters": {
    "iou_match_threshold": 0.5,
    "pck_alpha": 0.1,
    "keypoint_conf_threshold": 0.5,
    "min_visible_points_for_frame": 12,
    "warmup_frames": 10,
    "measure_frames": 50
  },
  "models": [
    {
      "model": "yolov8n-pose.pt",
      "status": "OK",
      "pck_at_0_1": 0.9445397369925672,
      "detection_rate": 0.990990990990991,
      "mean_keypoint_confidence": 0.8510335805189556,
      "visibility_rate_percent": 100.0,
      "fps": 6.81965638272659,
      "measured_frames": 50,
      "measured_inference_time_sec": 7.331747700169217,
      "matched_gt_objects": 110,
      "total_gt_objects": 111,
      "total_valid_gt_keypoints": 1749,
      "per_keypoint_accuracy": [
        1.0,
        1.0,
        1.0,
        1.0,
        1.0,
        0.9272727272727272,
        0.9818181818181818,
        0.8317757009345794,
        0.94,
        0.8461538461538461,
        0.9207920792079208,
        0.990909090909091,
        0.990909090909091,
        0.9174311926605505,
        0.908256880733945,
        0.908256880733945,
        0.926605504587156
      ],
      "per_kp_avg": 0.9464812456424136
    },
    {
      "model": "yolov8s-pose.pt",
      "status": "OK",
      "pck_at_0_1": 0.9799885648942253,
      "detection_rate": 0.990990990990991,
      "mean_keypoint_confidence": 0.8656803525485567,
      "visibility_rate_percent": 95.04950495049505,
      "fps": 3.2117104409351027,
      "measured_frames": 50,
      "measured_inference_time_sec": 15.568028600187972,
      "matched_gt_objects": 110,
      "total_gt_objects": 111,
      "total_valid_gt_keypoints": 1749,
      "per_keypoint_accuracy": [
        1.0,
        1.0,
        1.0,
        1.0,
        1.0,
        0.990909090909091,
        0.9818181818181818,
        0.9252336448598131,
        0.98,
        0.9134615384615384,
        0.9801980198019802,
        0.990909090909091,
        1.0,
        0.981651376146789,
        0.981651376146789,
        0.981651376146789,
        0.963302752293578
      ],
      "per_kp_avg": 0.9806344969113906
    },
    {
      "model": "yolo11n-pose.pt",
      "status": "OK",
      "pck_at_0_1": 0.8803716608594657,
      "detection_rate": 0.972972972972973,
      "mean_keypoint_confidence": 0.8519120954186715,
      "visibility_rate_percent": 100.0,
      "fps": 6.093027763071577,
      "measured_frames": 50,
      "measured_inference_time_sec": 8.206100799841806,
      "matched_gt_objects": 108,
      "total_gt_objects": 111,
      "total_valid_gt_keypoints": 1722,
      "per_keypoint_accuracy": [
        1.0,
        1.0,
        1.0,
        1.0,
        1.0,
        0.8703703703703703,
        0.9166666666666666,
        0.7333333333333333,
        0.8367346938775511,
        0.696078431372549,
        0.8181818181818182,
        0.9722222222222222,
        0.9907407407407407,
        0.8317757009345794,
        0.794392523364486,
        0.794392523364486,
        0.7757009345794392
      ],
      "per_kp_avg": 0.8841523505298966
    },
    {
      "model": "yolo11s-pose.pt",
      "status": "OK",
      "pck_at_0_1": 0.9671658986175116,
      "detection_rate": 0.9819819819819819,
      "mean_keypoint_confidence": 0.8748749840114252,
      "visibility_rate_percent": 99.00990099009901,
      "fps": 2.9982381992048435,
      "measured_frames": 50,
      "measured_inference_time_sec": 16.676460200280417,
      "matched_gt_objects": 109,
      "total_gt_objects": 111,
      "total_valid_gt_keypoints": 1736,
      "per_keypoint_accuracy": [
        1.0,
        1.0,
        1.0,
        1.0,
        1.0,
        0.981651376146789,
        0.981651376146789,
        0.9433962264150944,
        0.9797979797979798,
        0.941747572815534,
        0.98,
        0.981651376146789,
        0.9908256880733946,
        0.9444444444444444,
        0.9166666666666666,
        0.8981481481481481,
        0.9259259259259259
      ],
      "per_kp_avg": 0.9685827518075032
    }
  ],
  "recommendations": {
    "max_pck_model": "yolov8s-pose.pt",
    "realtime_balance_model": "N/A",
    "speed_accuracy_balance_model": "yolov8n-pose.pt"
  }
}